Date,1W,1M,3M,6M,12M,,,,,,,,,,,,,,,,,,,,,,
31-Dec-24,2.924,2.845,2.714,2.568,2.46,,,,,,,,,,,,,,,,,,,,,,
30-Dec-24,2.912,2.867,2.678,2.562,2.454,,,,,,,,,,,,,,,,,,,,,,
27-Dec-24,2.935,2.863,2.683,2.577,2.465,,,,,,,,,,,,,,,,,,,,,,
24-Dec-24,2.878,2.863,2.715,2.597,2.471,,,,,,,,,,,,,,,,,,,,,,
23-Dec-24,2.857,2.846,2.731,2.612,2.461,,,,,,,,,,,,,,,,,,,,,,
20-Dec-24,2.862,2.801,2.772,2.624,2.484,,,,,,,,,,,,,,,,,,,,,,
19-Dec-24,2.895,2.795,2.839,2.637,2.469,,,,,,,,,,,,,,,,,,,,,,
18-Dec-24,2.945,2.762,2.852,2.652,2.474,,,,,,,,,,,,,,,,,,,,,,
17-Dec-24,3.04,2.775,2.865,2.664,2.474,,,,,,,,,,,,,,,,,,,,,,
16-Dec-24,3.095,2.845,2.863,2.655,2.443,,,,,,,,,,,,,,,,,,,,,,
13-Dec-24,3.076,2.871,2.843,2.639,2.405,,,,,,,,,,,,,,,,,,,,,,
12-Dec-24,3.112,2.902,2.886,2.656,2.421,,,,,,,,,,,,,,,,,,,,,,
11-Dec-24,3.09,2.889,2.888,2.654,2.429,,,,,,,,,,,,,,,,,,,,,,
10-Dec-24,3.138,2.887,2.872,2.655,2.439,,,,,,,,,,,,,,,,,,,,,,
09-Dec-24,3.159,2.944,2.862,2.661,2.45,,,,,,,,,,,,,,,,,,,,,,
06-Dec-24,3.142,3.005,2.868,2.654,2.399,,,,,,,,,,,,,,,,,,,,,,
05-Dec-24,3.136,3.027,2.881,2.642,2.388,,,,,,,,,,,,,,,,,,,,,,
04-Dec-24,3.102,3.025,2.877,2.625,2.348,,,,,,,,,,,,,,,,,,,,,,
03-Dec-24,3.116,3.002,2.879,2.634,2.356,,,,,,,,,,,,,,,,,,,,,,
02-Dec-24,3.16,2.987,2.924,2.675,2.431,,,,,,,,,,,,,,,,,,,,,,
29-Nov-24,3.128,3.004,2.934,2.695,2.461,,,,,,,,,,,,,,,,,,,,,,
28-Nov-24,3.152,3.022,2.939,2.708,2.463,,,,,,,,,,,,,,,,,,,,,,
27-Nov-24,3.163,2.977,2.912,2.694,2.448,,,,,,,,,,,,,,,,,,,,,,
26-Nov-24,3.163,3.002,2.898,2.676,2.393,,,,,,,,,,,,,,,,,,,,,,
25-Nov-24,3.166,3.078,2.985,2.711,2.416,,,,,,,,,,,,,,,,,,,,,,
22-Nov-24,3.138,3.075,3.022,2.77,2.489,,,,,,,,,,,,,,,,,,,,,,
21-Nov-24,3.141,3.079,3.005,2.778,2.491,,,,,,,,,,,,,,,,,,,,,,
20-Nov-24,3.157,3.045,3,2.761,2.465,,,,,,,,,,,,,,,,,,,,,,
19-Nov-24,3.142,3.035,3.013,2.743,2.448,,,,,,,,,,,,,,,,,,,,,,
18-Nov-24,3.173,3.043,3.004,2.735,2.432,,,,,,,,,,,,,,,,,,,,,,
15-Nov-24,3.172,3.062,2.998,2.748,2.475,,,,,,,,,,,,,,,,,,,,,,
14-Nov-24,3.167,3.083,3.005,2.765,2.494,,,,,,,,,,,,,,,,,,,,,,
13-Nov-24,3.147,3.099,3.023,2.779,2.495,,,,,,,,,,,,,,,,,,,,,,
12-Nov-24,3.145,3.088,3.034,2.797,2.502,,,,,,,,,,,,,,,,,,,,,,
11-Nov-24,3.148,3.08,3.04,2.831,2.528,,,,,,,,,,,,,,,,,,,,,,
08-Nov-24,3.135,3.087,3.032,2.822,2.534,,,,,,,,,,,,,,,,,,,,,,
07-Nov-24,3.134,3.095,3.032,2.858,2.563,,,,,,,,,,,,,,,,,,,,,,
06-Nov-24,3.145,3.102,3.049,2.916,2.642,,,,,,,,,,,,,,,,,,,,,,
05-Nov-24,3.142,3.092,3.057,2.923,2.63,,,,,,,,,,,,,,,,,,,,,,
04-Nov-24,3.129,3.128,3.075,2.916,2.619,,,,,,,,,,,,,,,,,,,,,,
01-Nov-24,3.131,3.119,3.085,2.912,2.629,,,,,,,,,,,,,,,,,,,,,,
31-Oct-24,3.116,3.135,3.062,2.864,2.547,,,,,,,,,,,,,,,,,,,,,,
30-Oct-24,3.144,3.13,3.056,2.867,2.548,,,,,,,,,,,,,,,,,,,,,,
29-Oct-24,3.152,3.146,3.056,2.886,2.577,,,,,,,,,,,,,,,,,,,,,,
28-Oct-24,3.171,3.152,3.052,2.905,2.58,,,,,,,,,,,,,,,,,,,,,,
25-Oct-24,3.149,3.127,3.059,2.894,2.565,,,,,,,,,,,,,,,,,,,,,,
24-Oct-24,3.165,3.102,3.072,2.92,2.614,,,,,,,,,,,,,,,,,,,,,,
23-Oct-24,3.26,3.105,3.086,2.972,2.674,,,,,,,,,,,,,,,,,,,,,,
22-Oct-24,3.29,3.131,3.098,2.954,2.622,,,,,,,,,,,,,,,,,,,,,,
21-Oct-24,3.345,3.145,3.138,2.972,2.63,,,,,,,,,,,,,,,,,,,,,,
18-Oct-24,3.339,3.147,3.201,3.028,2.709,,,,,,,,,,,,,,,,,,,,,,
17-Oct-24,3.366,3.174,3.219,3.036,2.717,,,,,,,,,,,,,,,,,,,,,,
16-Oct-24,3.34,3.207,3.208,3.047,2.743,,,,,,,,,,,,,,,,,,,,,,
15-Oct-24,3.405,3.235,3.215,3.057,2.766,,,,,,,,,,,,,,,,,,,,,,
14-Oct-24,3.4,3.258,3.205,3.062,2.799,,,,,,,,,,,,,,,,,,,,,,
11-Oct-24,3.408,3.245,3.179,3.064,2.822,,,,,,,,,,,,,,,,,,,,,,
10-Oct-24,3.382,3.255,3.184,3.055,2.791,,,,,,,,,,,,,,,,,,,,,,
09-Oct-24,3.402,3.256,3.223,3.047,2.792,,,,,,,,,,,,,,,,,,,,,,
08-Oct-24,3.392,3.272,3.265,3.058,2.798,,,,,,,,,,,,,,,,,,,,,,
07-Oct-24,3.391,3.282,3.268,3.048,2.712,,,,,,,,,,,,,,,,,,,,,,
04-Oct-24,3.395,3.27,3.25,3.046,2.688,,,,,,,,,,,,,,,,,,,,,,
03-Oct-24,3.39,3.293,3.238,3.071,2.712,,,,,,,,,,,,,,,,,,,,,,
02-Oct-24,3.348,3.329,3.246,3.092,2.745,,,,,,,,,,,,,,,,,,,,,,
01-Oct-24,3.328,3.33,3.252,3.092,2.749,,,,,,,,,,,,,,,,,,,,,,
30-Sep-24,3.383,3.353,3.279,3.105,2.747,,,,,,,,,,,,,,,,,,,,,,
27-Sep-24,3.369,3.365,3.326,3.152,2.771,,,,,,,,,,,,,,,,,,,,,,
26-Sep-24,3.367,3.378,3.345,3.162,2.755,,,,,,,,,,,,,,,,,,,,,,
25-Sep-24,3.355,3.375,3.352,3.155,2.776,,,,,,,,,,,,,,,,,,,,,,
24-Sep-24,3.382,3.358,3.402,3.196,2.858,,,,,,,,,,,,,,,,,,,,,,
23-Sep-24,3.362,3.346,3.431,3.212,2.902,,,,,,,,,,,,,,,,,,,,,,
20-Sep-24,3.351,3.374,3.436,3.184,2.918,,,,,,,,,,,,,,,,,,,,,,
19-Sep-24,3.363,3.395,3.455,3.223,2.936,,,,,,,,,,,,,,,,,,,,,,
18-Sep-24,3.42,3.398,3.458,3.239,2.921,,,,,,,,,,,,,,,,,,,,,,
17-Sep-24,3.442,3.414,3.48,3.268,2.948,,,,,,,,,,,,,,,,,,,,,,
16-Sep-24,3.492,3.412,3.488,3.285,2.975,,,,,,,,,,,,,,,,,,,,,,
13-Sep-24,3.518,3.405,3.472,3.271,2.948,,,,,,,,,,,,,,,,,,,,,,
12-Sep-24,3.602,3.436,3.481,3.265,2.929,,,,,,,,,,,,,,,,,,,,,,
11-Sep-24,3.587,3.444,3.467,3.276,2.96,,,,,,,,,,,,,,,,,,,,,,
10-Sep-24,3.64,3.489,3.46,3.293,2.97,,,,,,,,,,,,,,,,,,,,,,
09-Sep-24,3.628,3.51,3.462,3.307,2.986,,,,,,,,,,,,,,,,,,,,,,
06-Sep-24,3.608,3.521,3.468,3.346,3.025,,,,,,,,,,,,,,,,,,,,,,
05-Sep-24,3.614,3.542,3.47,3.364,3.053,,,,,,,,,,,,,,,,,,,,,,
04-Sep-24,3.602,3.536,3.449,3.379,3.094,,,,,,,,,,,,,,,,,,,,,,
03-Sep-24,3.619,3.561,3.458,3.381,3.113,,,,,,,,,,,,,,,,,,,,,,
02-Sep-24,3.608,3.588,3.469,3.351,3.072,,,,,,,,,,,,,,,,,,,,,,
30-Aug-24,3.623,3.589,3.49,3.36,3.088,,,,,,,,,,,,,,,,,,,,,,
29-Aug-24,3.606,3.602,3.505,3.376,3.108,,,,,,,,,,,,,,,,,,,,,,
28-Aug-24,3.609,3.592,3.505,3.391,3.119,,,,,,,,,,,,,,,,,,,,,,
27-Aug-24,3.622,3.584,3.515,3.385,3.095,,,,,,,,,,,,,,,,,,,,,,
26-Aug-24,3.631,3.583,3.523,3.401,3.116,,,,,,,,,,,,,,,,,,,,,,
23-Aug-24,3.635,3.595,3.525,3.382,3.102,,,,,,,,,,,,,,,,,,,,,,
22-Aug-24,3.625,3.608,3.541,3.408,3.133,,,,,,,,,,,,,,,,,,,,,,
21-Aug-24,3.605,3.596,3.542,3.41,3.162,,,,,,,,,,,,,,,,,,,,,,
20-Aug-24,3.628,3.587,3.538,3.407,3.159,,,,,,,,,,,,,,,,,,,,,,
19-Aug-24,3.652,3.584,3.551,3.408,3.183,,,,,,,,,,,,,,,,,,,,,,
16-Aug-24,3.621,3.595,3.56,3.367,3.139,,,,,,,,,,,,,,,,,,,,,,
15-Aug-24,3.605,3.599,3.549,3.375,3.117,,,,,,,,,,,,,,,,,,,,,,
14-Aug-24,3.609,3.606,3.542,3.398,3.148,,,,,,,,,,,,,,,,,,,,,,
13-Aug-24,3.649,3.635,3.542,3.441,3.18,,,,,,,,,,,,,,,,,,,,,,
12-Aug-24,3.63,3.625,3.548,3.445,3.191,,,,,,,,,,,,,,,,,,,,,,
09-Aug-24,3.642,3.618,3.557,3.437,3.176,,,,,,,,,,,,,,,,,,,,,,
08-Aug-24,3.619,3.592,3.577,3.488,3.202,,,,,,,,,,,,,,,,,,,,,,
07-Aug-24,3.626,3.594,3.569,3.462,3.192,,,,,,,,,,,,,,,,,,,,,,
06-Aug-24,3.628,3.558,3.523,3.397,3.138,,,,,,,,,,,,,,,,,,,,,,
05-Aug-24,3.62,3.569,3.584,3.494,3.238,,,,,,,,,,,,,,,,,,,,,,
02-Aug-24,3.645,3.611,3.623,3.553,3.32,,,,,,,,,,,,,,,,,,,,,,
01-Aug-24,3.642,3.606,3.638,3.563,3.349,,,,,,,,,,,,,,,,,,,,,,
31-Jul-24,3.607,3.63,3.647,3.579,3.39,,,,,,,,,,,,,,,,,,,,,,
30-Jul-24,3.643,3.611,3.631,3.585,3.406,,,,,,,,,,,,,,,,,,,,,,
29-Jul-24,3.595,3.596,3.636,3.59,3.425,,,,,,,,,,,,,,,,,,,,,,
26-Jul-24,3.642,3.621,3.655,3.591,3.426,,,,,,,,,,,,,,,,,,,,,,
25-Jul-24,3.624,3.604,3.686,3.619,3.481,,,,,,,,,,,,,,,,,,,,,,
24-Jul-24,3.579,3.598,3.698,3.652,3.528,,,,,,,,,,,,,,,,,,,,,,
23-Jul-24,3.579,3.618,3.685,3.642,3.508,,,,,,,,,,,,,,,,,,,,,,
22-Jul-24,3.612,3.63,3.705,3.641,3.511,,,,,,,,,,,,,,,,,,,,,,
19-Jul-24,3.622,3.626,3.698,3.633,3.502,,,,,,,,,,,,,,,,,,,,,,
18-Jul-24,3.626,3.633,3.688,3.624,3.503,,,,,,,,,,,,,,,,,,,,,,
17-Jul-24,3.597,3.601,3.678,3.62,3.503,,,,,,,,,,,,,,,,,,,,,,
16-Jul-24,3.589,3.583,3.674,3.634,3.506,,,,,,,,,,,,,,,,,,,,,,
15-Jul-24,3.595,3.572,3.662,3.635,3.522,,,,,,,,,,,,,,,,,,,,,,
12-Jul-24,3.61,3.625,3.664,3.662,3.564,,,,,,,,,,,,,,,,,,,,,,
11-Jul-24,3.609,3.611,3.685,3.676,3.595,,,,,,,,,,,,,,,,,,,,,,
10-Jul-24,3.608,3.598,3.704,3.683,3.602,,,,,,,,,,,,,,,,,,,,,,
09-Jul-24,3.608,3.615,3.708,3.668,3.593,,,,,,,,,,,,,,,,,,,,,,
08-Jul-24,3.605,3.628,3.699,3.675,3.599,,,,,,,,,,,,,,,,,,,,,,
05-Jul-24,3.607,3.635,3.712,3.678,3.588,,,,,,,,,,,,,,,,,,,,,,
04-Jul-24,3.608,3.624,3.708,3.683,3.592,,,,,,,,,,,,,,,,,,,,,,
03-Jul-24,3.608,3.635,3.705,3.678,3.596,,,,,,,,,,,,,,,,,,,,,,
02-Jul-24,3.63,3.654,3.714,3.676,3.589,,,,,,,,,,,,,,,,,,,,,,
01-Jul-24,3.641,3.655,3.709,3.678,3.567,,,,,,,,,,,,,,,,,,,,,,
28-Jun-24,3.612,3.632,3.711,3.682,3.578,,,,,,,,,,,,,,,,,,,,,,
27-Jun-24,3.618,3.664,3.695,3.678,3.575,,,,,,,,,,,,,,,,,,,,,,
26-Jun-24,3.607,3.646,3.722,3.672,3.576,,,,,,,,,,,,,,,,,,,,,,
25-Jun-24,3.616,3.642,3.698,3.671,3.578,,,,,,,,,,,,,,,,,,,,,,
24-Jun-24,3.619,3.622,3.682,3.661,3.58,,,,,,,,,,,,,,,,,,,,,,
21-Jun-24,3.622,3.6,3.686,3.691,3.622,,,,,,,,,,,,,,,,,,,,,,
20-Jun-24,3.648,3.598,3.7,3.689,3.608,,,,,,,,,,,,,,,,,,,,,,
19-Jun-24,3.59,3.608,3.712,3.695,3.613,,,,,,,,,,,,,,,,,,,,,,
18-Jun-24,3.612,3.606,3.717,3.695,3.6,,,,,,,,,,,,,,,,,,,,,,
17-Jun-24,3.641,3.602,3.711,3.711,3.628,,,,,,,,,,,,,,,,,,,,,,
14-Jun-24,3.626,3.579,3.715,3.735,3.672,,,,,,,,,,,,,,,,,,,,,,
13-Jun-24,3.615,3.599,3.719,3.743,3.678,,,,,,,,,,,,,,,,,,,,,,
12-Jun-24,3.65,3.63,3.72,3.748,3.719,,,,,,,,,,,,,,,,,,,,,,
11-Jun-24,3.717,3.613,3.739,3.751,3.728,,,,,,,,,,,,,,,,,,,,,,
10-Jun-24,3.716,3.654,3.743,3.748,3.725,,,,,,,,,,,,,,,,,,,,,,
07-Jun-24,3.794,3.679,3.759,3.735,3.701,,,,,,,,,,,,,,,,,,,,,,
06-Jun-24,3.848,3.688,3.755,3.744,3.684,,,,,,,,,,,,,,,,,,,,,,
05-Jun-24,3.812,3.676,3.752,3.738,3.69,,,,,,,,,,,,,,,,,,,,,,
04-Jun-24,3.83,3.666,3.772,3.756,3.715,,,,,,,,,,,,,,,,,,,,,,
03-Jun-24,3.828,3.69,3.782,3.755,3.722,,,,,,,,,,,,,,,,,,,,,,
31-May-24,3.889,3.717,3.785,3.745,3.711,,,,,,,,,,,,,,,,,,,,,,
30-May-24,3.892,3.75,3.788,3.759,3.729,,,,,,,,,,,,,,,,,,,,,,
29-May-24,3.869,3.772,3.794,3.768,3.716,,,,,,,,,,,,,,,,,,,,,,
28-May-24,3.879,3.764,3.785,3.749,3.722,,,,,,,,,,,,,,,,,,,,,,
27-May-24,3.863,3.792,3.8,3.775,3.74,,,,,,,,,,,,,,,,,,,,,,
24-May-24,3.881,3.792,3.808,3.78,3.729,,,,,,,,,,,,,,,,,,,,,,
23-May-24,3.875,3.805,3.801,3.783,3.702,,,,,,,,,,,,,,,,,,,,,,
22-May-24,3.893,3.797,3.819,3.784,3.67,,,,,,,,,,,,,,,,,,,,,,
21-May-24,3.894,3.785,3.823,3.784,3.68,,,,,,,,,,,,,,,,,,,,,,
20-May-24,3.883,3.807,3.822,3.787,3.673,,,,,,,,,,,,,,,,,,,,,,
17-May-24,3.875,3.799,3.83,3.791,3.645,,,,,,,,,,,,,,,,,,,,,,
16-May-24,3.885,3.817,3.826,3.795,3.65,,,,,,,,,,,,,,,,,,,,,,
15-May-24,3.872,3.83,3.816,3.798,3.679,,,,,,,,,,,,,,,,,,,,,,
14-May-24,3.888,3.838,3.824,3.799,3.638,,,,,,,,,,,,,,,,,,,,,,
13-May-24,3.895,3.828,3.828,3.8,3.654,,,,,,,,,,,,,,,,,,,,,,
10-May-24,3.892,3.856,3.818,3.789,3.629,,,,,,,,,,,,,,,,,,,,,,
09-May-24,3.878,3.862,3.806,3.802,3.628,,,,,,,,,,,,,,,,,,,,,,
08-May-24,3.882,3.87,3.814,3.795,3.642,,,,,,,,,,,,,,,,,,,,,,
07-May-24,3.868,3.875,3.788,3.802,3.647,,,,,,,,,,,,,,,,,,,,,,
06-May-24,3.886,3.852,3.824,3.791,3.658,,,,,,,,,,,,,,,,,,,,,,
03-May-24,3.893,3.865,3.827,3.802,3.693,,,,,,,,,,,,,,,,,,,,,,
02-May-24,3.858,3.877,3.853,3.828,3.728,,,,,,,,,,,,,,,,,,,,,,
01-May-24,3.802,3.873,3.825,3.795,3.696,,,,,,,,,,,,,,,,,,,,,,
30-Apr-24,3.802,3.873,3.825,3.795,3.696,,,,,,,,,,,,,,,,,,,,,,
29-Apr-24,3.852,3.858,3.835,3.815,3.726,,,,,,,,,,,,,,,,,,,,,,
26-Apr-24,3.883,3.848,3.865,3.835,3.724,,,,,,,,,,,,,,,,,,,,,,
25-Apr-24,3.868,3.862,3.864,3.825,3.728,,,,,,,,,,,,,,,,,,,,,,
24-Apr-24,3.851,3.852,3.879,3.833,3.701,,,,,,,,,,,,,,,,,,,,,,
23-Apr-24,3.84,3.815,3.882,3.844,3.718,,,,,,,,,,,,,,,,,,,,,,
22-Apr-24,3.866,3.819,3.891,3.85,3.734,,,,,,,,,,,,,,,,,,,,,,
19-Apr-24,3.891,3.837,3.892,3.846,3.732,,,,,,,,,,,,,,,,,,,,,,
18-Apr-24,3.865,3.855,3.897,3.843,3.731,,,,,,,,,,,,,,,,,,,,,,
17-Apr-24,3.855,3.828,3.895,3.842,3.72,,,,,,,,,,,,,,,,,,,,,,
16-Apr-24,3.863,3.855,3.904,3.842,3.702,,,,,,,,,,,,,,,,,,,,,,
15-Apr-24,3.898,3.846,3.888,3.82,3.693,,,,,,,,,,,,,,,,,,,,,,
12-Apr-24,3.88,3.836,3.923,3.865,3.748,,,,,,,,,,,,,,,,,,,,,,
11-Apr-24,3.876,3.879,3.906,3.862,3.729,,,,,,,,,,,,,,,,,,,,,,
10-Apr-24,3.879,3.854,3.912,3.83,3.689,,,,,,,,,,,,,,,,,,,,,,
09-Apr-24,3.875,3.837,3.916,3.868,3.695,,,,,,,,,,,,,,,,,,,,,,
08-Apr-24,3.888,3.877,3.902,3.846,3.673,,,,,,,,,,,,,,,,,,,,,,
05-Apr-24,3.89,3.888,3.885,3.834,3.656,,,,,,,,,,,,,,,,,,,,,,
04-Apr-24,3.875,3.877,3.891,3.844,3.663,,,,,,,,,,,,,,,,,,,,,,
03-Apr-24,3.863,3.852,3.857,3.822,3.648,,,,,,,,,,,,,,,,,,,,,,
02-Apr-24,3.87,3.855,3.883,3.842,3.664,,,,,,,,,,,,,,,,,,,,,,
01-Apr-24,3.853,3.855,3.892,3.851,3.669,,,,,,,,,,,,,,,,,,,,,,
29-Mar-24,3.853,3.855,3.892,3.851,3.669,,,,,,,,,,,,,,,,,,,,,,
28-Mar-24,3.853,3.855,3.892,3.851,3.669,,,,,,,,,,,,,,,,,,,,,,
27-Mar-24,3.835,3.835,3.908,3.862,3.684,,,,,,,,,,,,,,,,,,,,,,
26-Mar-24,3.875,3.83,3.902,3.858,3.675,,,,,,,,,,,,,,,,,,,,,,
25-Mar-24,3.885,3.842,3.886,3.855,3.658,,,,,,,,,,,,,,,,,,,,,,
22-Mar-24,3.875,3.853,3.903,3.874,3.682,,,,,,,,,,,,,,,,,,,,,,
21-Mar-24,3.868,3.848,3.926,3.902,3.735,,,,,,,,,,,,,,,,,,,,,,
20-Mar-24,3.878,3.862,3.922,3.906,3.755,,,,,,,,,,,,,,,,,,,,,,
19-Mar-24,3.875,3.862,3.935,3.909,3.756,,,,,,,,,,,,,,,,,,,,,,
18-Mar-24,3.871,3.855,3.928,3.915,3.75,,,,,,,,,,,,,,,,,,,,,,
15-Mar-24,3.89,3.862,3.928,3.908,3.709,,,,,,,,,,,,,,,,,,,,,,
14-Mar-24,3.881,3.843,3.928,3.903,3.701,,,,,,,,,,,,,,,,,,,,,,
13-Mar-24,3.884,3.859,3.94,3.892,3.702,,,,,,,,,,,,,,,,,,,,,,
12-Mar-24,3.874,3.847,3.929,3.905,3.712,,,,,,,,,,,,,,,,,,,,,,
11-Mar-24,3.893,3.871,3.928,3.892,3.703,,,,,,,,,,,,,,,,,,,,,,
08-Mar-24,3.88,3.878,3.94,3.902,3.745,,,,,,,,,,,,,,,,,,,,,,
07-Mar-24,3.87,3.868,3.929,3.912,3.746,,,,,,,,,,,,,,,,,,,,,,
06-Mar-24,3.861,3.865,3.942,3.902,3.748,,,,,,,,,,,,,,,,,,,,,,
05-Mar-24,3.881,3.868,3.926,3.921,3.751,,,,,,,,,,,,,,,,,,,,,,
04-Mar-24,3.866,3.839,3.932,3.915,3.732,,,,,,,,,,,,,,,,,,,,,,
01-Mar-24,3.872,3.817,3.938,3.912,3.744,,,,,,,,,,,,,,,,,,,,,,
29-Feb-24,3.879,3.865,3.937,3.908,3.749,,,,,,,,,,,,,,,,,,,,,,
28-Feb-24,3.878,3.856,3.942,3.915,3.748,,,,,,,,,,,,,,,,,,,,,,
27-Feb-24,3.885,3.855,3.952,3.918,3.735,,,,,,,,,,,,,,,,,,,,,,
26-Feb-24,3.907,3.843,3.952,3.901,3.732,,,,,,,,,,,,,,,,,,,,,,
23-Feb-24,3.899,3.851,3.933,3.914,3.738,,,,,,,,,,,,,,,,,,,,,,
22-Feb-24,3.86,3.864,3.945,3.907,3.697,,,,,,,,,,,,,,,,,,,,,,
21-Feb-24,3.873,3.886,3.946,3.911,3.695,,,,,,,,,,,,,,,,,,,,,,
20-Feb-24,3.886,3.895,3.943,3.928,3.686,,,,,,,,,,,,,,,,,,,,,,
19-Feb-24,3.893,3.851,3.932,3.915,3.67,,,,,,,,,,,,,,,,,,,,,,
16-Feb-24,3.882,3.881,3.933,3.895,3.648,,,,,,,,,,,,,,,,,,,,,,
15-Feb-24,3.852,3.877,3.915,3.925,3.662,,,,,,,,,,,,,,,,,,,,,,
14-Feb-24,3.875,3.871,3.922,3.903,3.692,,,,,,,,,,,,,,,,,,,,,,
13-Feb-24,3.875,3.862,3.901,3.882,3.655,,,,,,,,,,,,,,,,,,,,,,
12-Feb-24,3.876,3.882,3.912,3.908,3.678,,,,,,,,,,,,,,,,,,,,,,
09-Feb-24,3.884,3.835,3.891,3.898,3.658,,,,,,,,,,,,,,,,,,,,,,
08-Feb-24,3.888,3.873,3.898,3.888,3.64,,,,,,,,,,,,,,,,,,,,,,
07-Feb-24,3.877,3.874,3.895,3.899,3.656,,,,,,,,,,,,,,,,,,,,,,
06-Feb-24,3.876,3.893,3.932,3.922,3.667,,,,,,,,,,,,,,,,,,,,,,
05-Feb-24,3.864,3.887,3.922,3.905,3.633,,,,,,,,,,,,,,,,,,,,,,
02-Feb-24,3.877,3.864,3.9,3.837,3.537,,,,,,,,,,,,,,,,,,,,,,
01-Feb-24,3.843,3.873,3.884,3.832,3.505,,,,,,,,,,,,,,,,,,,,,,
31-Jan-24,3.832,3.877,3.905,3.835,3.572,,,,,,,,,,,,,,,,,,,,,,
30-Jan-24,3.883,3.854,3.897,3.836,3.553,,,,,,,,,,,,,,,,,,,,,,
29-Jan-24,3.878,3.853,3.912,3.866,3.582,,,,,,,,,,,,,,,,,,,,,,
26-Jan-24,3.895,3.871,3.887,3.873,3.597,,,,,,,,,,,,,,,,,,,,,,
25-Jan-24,3.851,3.868,3.925,3.911,3.662,,,,,,,,,,,,,,,,,,,,,,
24-Jan-24,3.849,3.862,3.929,3.922,3.676,,,,,,,,,,,,,,,,,,,,,,
23-Jan-24,3.882,3.869,3.948,3.944,3.665,,,,,,,,,,,,,,,,,,,,,,
22-Jan-24,3.885,3.859,3.945,3.925,3.672,,,,,,,,,,,,,,,,,,,,,,
19-Jan-24,3.858,3.854,3.958,3.908,3.655,,,,,,,,,,,,,,,,,,,,,,
18-Jan-24,3.878,3.869,3.97,3.928,3.66,,,,,,,,,,,,,,,,,,,,,,
17-Jan-24,3.886,3.875,3.903,3.862,3.596,,,,,,,,,,,,,,,,,,,,,,
16-Jan-24,3.882,3.894,3.894,3.867,3.596,,,,,,,,,,,,,,,,,,,,,,
15-Jan-24,3.88,3.868,3.928,3.874,3.57,,,,,,,,,,,,,,,,,,,,,,
12-Jan-24,3.884,3.893,3.932,3.896,3.636,,,,,,,,,,,,,,,,,,,,,,
11-Jan-24,3.871,3.88,3.942,3.92,3.654,,,,,,,,,,,,,,,,,,,,,,
10-Jan-24,3.872,3.877,3.936,3.902,3.635,,,,,,,,,,,,,,,,,,,,,,
09-Jan-24,3.869,3.867,3.928,3.891,3.601,,,,,,,,,,,,,,,,,,,,,,
08-Jan-24,3.888,3.871,3.925,3.929,3.616,,,,,,,,,,,,,,,,,,,,,,
05-Jan-24,3.892,3.878,3.936,3.912,3.584,,,,,,,,,,,,,,,,,,,,,,
04-Jan-24,3.872,3.858,3.922,3.873,3.544,,,,,,,,,,,,,,,,,,,,,,
03-Jan-24,3.887,3.865,3.929,3.882,3.545,,,,,,,,,,,,,,,,,,,,,,
02-Jan-24,3.848,3.856,3.905,3.861,3.532,,,,,,,,,,,,,,,,,,,,,,
01-Jan-24,3.9,3.845,3.909,3.861,3.513,,,,,,,,,,,,,,,,,,,,,,
29-Dec-23,3.9,3.845,3.909,3.861,3.513,,,,,,,,,,,,,,,,,,,,,,
28-Dec-23,3.883,3.872,3.893,3.877,3.536,,,,,,,,,,,,,,,,,,,,,,
27-Dec-23,3.857,3.843,3.925,3.885,3.554,,,,,,,,,,,,,,,,,,,,,,
22-Dec-23,3.872,3.865,3.931,3.895,3.581,,,,,,,,,,,,,,,,,,,,,,
21-Dec-23,3.852,3.876,3.916,3.899,3.582,,,,,,,,,,,,,,,,,,,,,,
20-Dec-23,3.848,3.859,3.916,3.924,3.602,,,,,,,,,,,,,,,,,,,,,,
19-Dec-23,3.865,3.853,3.923,3.922,3.635,,,,,,,,,,,,,,,,,,,,,,
18-Dec-23,3.835,3.859,3.938,3.904,3.613,,,,,,,,,,,,,,,,,,,,,,
15-Dec-23,3.877,3.853,3.92,3.912,3.644,,,,,,,,,,,,,,,,,,,,,,
14-Dec-23,3.835,3.844,3.932,3.938,3.719,,,,,,,,,,,,,,,,,,,,,,
13-Dec-23,3.854,3.833,3.925,3.945,3.758,,,,,,,,,,,,,,,,,,,,,,
12-Dec-23,3.858,3.862,3.928,3.96,3.754,,,,,,,,,,,,,,,,,,,,,,
11-Dec-23,3.845,3.858,3.958,3.955,3.751,,,,,,,,,,,,,,,,,,,,,,
08-Dec-23,3.843,3.853,3.95,3.935,3.725,,,,,,,,,,,,,,,,,,,,,,
07-Dec-23,3.865,3.872,3.969,3.948,3.727,,,,,,,,,,,,,,,,,,,,,,
06-Dec-23,3.84,3.859,3.95,3.95,3.728,,,,,,,,,,,,,,,,,,,,,,
05-Dec-23,3.849,3.865,3.958,3.953,3.785,,,,,,,,,,,,,,,,,,,,,,
04-Dec-23,3.887,3.855,3.962,3.945,3.794,,,,,,,,,,,,,,,,,,,,,,
01-Dec-23,3.839,3.869,3.96,4.004,3.902,,,,,,,,,,,,,,,,,,,,,,
30-Nov-23,3.838,3.868,3.964,4.029,3.926,,,,,,,,,,,,,,,,,,,,,,
29-Nov-23,3.862,3.854,3.975,4.05,3.983,,,,,,,,,,,,,,,,,,,,,,
28-Nov-23,3.852,3.847,3.955,4.026,4.015,,,,,,,,,,,,,,,,,,,,,,
27-Nov-23,3.873,3.848,3.951,4.05,4.057,,,,,,,,,,,,,,,,,,,,,,
24-Nov-23,3.895,3.805,3.935,4.074,4.056,,,,,,,,,,,,,,,,,,,,,,
23-Nov-23,3.89,3.835,3.956,4.062,4.034,,,,,,,,,,,,,,,,,,,,,,
22-Nov-23,3.887,3.818,3.962,4.063,4.016,,,,,,,,,,,,,,,,,,,,,,
21-Nov-23,3.887,3.815,3.973,4.07,4.023,,,,,,,,,,,,,,,,,,,,,,
20-Nov-23,3.841,3.822,3.962,4.058,4.015,,,,,,,,,,,,,,,,,,,,,,
17-Nov-23,3.871,3.819,3.984,4.064,3.991,,,,,,,,,,,,,,,,,,,,,,
16-Nov-23,3.875,3.839,4.002,4.071,4.033,,,,,,,,,,,,,,,,,,,,,,
15-Nov-23,3.865,3.791,3.994,4.076,4.028,,,,,,,,,,,,,,,,,,,,,,
14-Nov-23,3.846,3.822,3.997,4.097,4.064,,,,,,,,,,,,,,,,,,,,,,
13-Nov-23,3.875,3.819,4.002,4.085,4.04,,,,,,,,,,,,,,,,,,,,,,
10-Nov-23,3.896,3.834,3.992,4.074,4.04,,,,,,,,,,,,,,,,,,,,,,
09-Nov-23,3.892,3.838,3.987,4.055,4.028,,,,,,,,,,,,,,,,,,,,,,
08-Nov-23,3.878,3.858,3.973,4.066,4.027,,,,,,,,,,,,,,,,,,,,,,
07-Nov-23,3.891,3.85,3.966,4.072,4.028,,,,,,,,,,,,,,,,,,,,,,
06-Nov-23,3.865,3.86,3.963,4.066,4.022,,,,,,,,,,,,,,,,,,,,,,
03-Nov-23,3.887,3.877,3.956,4.062,4.004,,,,,,,,,,,,,,,,,,,,,,
02-Nov-23,3.885,3.883,3.974,4.072,4.012,,,,,,,,,,,,,,,,,,,,,,
01-Nov-23,3.868,3.893,3.953,4.081,4.044,,,,,,,,,,,,,,,,,,,,,,
31-Oct-23,3.887,3.876,3.972,4.092,4.052,,,,,,,,,,,,,,,,,,,,,,
30-Oct-23,3.883,3.893,3.968,4.109,4.078,,,,,,,,,,,,,,,,,,,,,,
27-Oct-23,3.872,3.868,3.948,4.102,4.104,,,,,,,,,,,,,,,,,,,,,,
26-Oct-23,3.881,3.883,3.952,4.105,4.128,,,,,,,,,,,,,,,,,,,,,,
25-Oct-23,3.875,3.845,3.938,4.092,4.118,,,,,,,,,,,,,,,,,,,,,,
24-Oct-23,3.88,3.842,3.941,4.102,4.154,,,,,,,,,,,,,,,,,,,,,,
23-Oct-23,3.883,3.861,3.956,4.096,4.145,,,,,,,,,,,,,,,,,,,,,,
20-Oct-23,3.89,3.863,3.969,4.107,4.185,,,,,,,,,,,,,,,,,,,,,,
19-Oct-23,3.879,3.855,4.002,4.126,4.184,,,,,,,,,,,,,,,,,,,,,,
18-Oct-23,3.891,3.864,3.993,4.143,4.196,,,,,,,,,,,,,,,,,,,,,,
17-Oct-23,3.876,3.845,3.972,4.118,4.16,,,,,,,,,,,,,,,,,,,,,,
16-Oct-23,3.862,3.862,3.975,4.103,4.172,,,,,,,,,,,,,,,,,,,,,,
13-Oct-23,3.874,3.86,3.985,4.121,4.171,,,,,,,,,,,,,,,,,,,,,,
12-Oct-23,3.882,3.872,3.965,4.121,4.162,,,,,,,,,,,,,,,,,,,,,,
11-Oct-23,3.897,3.865,3.952,4.114,4.145,,,,,,,,,,,,,,,,,,,,,,
10-Oct-23,3.878,3.864,3.988,4.112,4.155,,,,,,,,,,,,,,,,,,,,,,
09-Oct-23,3.896,3.871,3.98,4.129,4.187,,,,,,,,,,,,,,,,,,,,,,
06-Oct-23,3.898,3.863,3.983,4.113,4.194,,,,,,,,,,,,,,,,,,,,,,
05-Oct-23,3.885,3.825,3.972,4.125,4.212,,,,,,,,,,,,,,,,,,,,,,
04-Oct-23,3.885,3.834,3.962,4.13,4.212,,,,,,,,,,,,,,,,,,,,,,
03-Oct-23,3.889,3.872,3.964,4.128,4.208,,,,,,,,,,,,,,,,,,,,,,
02-Oct-23,3.858,3.858,3.951,4.138,4.198,,,,,,,,,,,,,,,,,,,,,,
29-Sep-23,3.872,3.847,3.952,4.125,4.228,,,,,,,,,,,,,,,,,,,,,,
28-Sep-23,3.892,3.845,3.955,4.125,4.221,,,,,,,,,,,,,,,,,,,,,,
27-Sep-23,3.881,3.858,3.972,4.136,4.2,,,,,,,,,,,,,,,,,,,,,,
26-Sep-23,3.882,3.843,3.941,4.09,4.199,,,,,,,,,,,,,,,,,,,,,,
25-Sep-23,3.883,3.865,3.977,4.122,4.208,,,,,,,,,,,,,,,,,,,,,,
22-Sep-23,3.875,3.872,3.958,4.082,4.213,,,,,,,,,,,,,,,,,,,,,,
21-Sep-23,3.895,3.869,3.955,4.072,4.224,,,,,,,,,,,,,,,,,,,,,,
20-Sep-23,3.878,3.834,3.934,4.07,4.222,,,,,,,,,,,,,,,,,,,,,,
19-Sep-23,3.777,3.891,3.934,4.071,4.216,,,,,,,,,,,,,,,,,,,,,,
18-Sep-23,3.715,3.762,3.903,4.066,4.191,,,,,,,,,,,,,,,,,,,,,,
15-Sep-23,3.69,3.762,3.878,4.055,4.169,,,,,,,,,,,,,,,,,,,,,,
14-Sep-23,3.674,3.725,3.867,4.04,4.159,,,,,,,,,,,,,,,,,,,,,,
13-Sep-23,3.651,3.675,3.845,3.999,4.112,,,,,,,,,,,,,,,,,,,,,,
12-Sep-23,3.632,3.699,3.824,3.968,4.103,,,,,,,,,,,,,,,,,,,,,,
11-Sep-23,3.639,3.662,3.822,3.97,4.081,,,,,,,,,,,,,,,,,,,,,,
08-Sep-23,3.659,3.682,3.8,3.952,4.086,,,,,,,,,,,,,,,,,,,,,,
07-Sep-23,3.645,3.67,3.799,3.938,4.078,,,,,,,,,,,,,,,,,,,,,,
06-Sep-23,3.628,3.651,3.795,3.929,4.051,,,,,,,,,,,,,,,,,,,,,,
05-Sep-23,3.622,3.625,3.802,3.938,4.068,,,,,,,,,,,,,,,,,,,,,,
04-Sep-23,3.636,3.636,3.798,3.955,4.049,,,,,,,,,,,,,,,,,,,,,,
01-Sep-23,3.642,3.639,3.77,3.934,4.055,,,,,,,,,,,,,,,,,,,,,,
31-Aug-23,3.645,3.637,3.795,3.987,4.102,,,,,,,,,,,,,,,,,,,,,,
30-Aug-23,3.651,3.654,3.803,3.956,4.065,,,,,,,,,,,,,,,,,,,,,,
29-Aug-23,3.638,3.631,3.783,3.944,4.074,,,,,,,,,,,,,,,,,,,,,,
28-Aug-23,3.628,3.645,3.771,3.944,4.07,,,,,,,,,,,,,,,,,,,,,,
25-Aug-23,3.648,3.62,3.788,3.935,4.045,,,,,,,,,,,,,,,,,,,,,,
24-Aug-23,3.638,3.632,3.784,3.932,4.048,,,,,,,,,,,,,,,,,,,,,,
23-Aug-23,3.64,3.642,3.826,3.953,4.082,,,,,,,,,,,,,,,,,,,,,,
22-Aug-23,3.628,3.637,3.808,3.951,4.106,,,,,,,,,,,,,,,,,,,,,,
21-Aug-23,3.631,3.612,3.806,3.941,4.082,,,,,,,,,,,,,,,,,,,,,,
18-Aug-23,3.634,3.615,3.816,3.944,4.091,,,,,,,,,,,,,,,,,,,,,,
17-Aug-23,3.64,3.632,3.815,3.941,4.095,,,,,,,,,,,,,,,,,,,,,,
16-Aug-23,3.637,3.623,3.798,3.964,4.116,,,,,,,,,,,,,,,,,,,,,,
15-Aug-23,3.608,3.627,3.787,3.943,4.091,,,,,,,,,,,,,,,,,,,,,,
14-Aug-23,3.641,3.664,3.799,3.957,4.076,,,,,,,,,,,,,,,,,,,,,,
11-Aug-23,3.628,3.638,3.781,3.928,4.056,,,,,,,,,,,,,,,,,,,,,,
10-Aug-23,3.647,3.621,3.788,3.937,4.052,,,,,,,,,,,,,,,,,,,,,,
09-Aug-23,3.647,3.625,3.759,3.927,4.053,,,,,,,,,,,,,,,,,,,,,,
08-Aug-23,3.64,3.615,3.765,3.921,4.065,,,,,,,,,,,,,,,,,,,,,,
07-Aug-23,3.637,3.638,3.754,3.949,4.055,,,,,,,,,,,,,,,,,,,,,,
04-Aug-23,3.643,3.615,3.743,3.94,4.045,,,,,,,,,,,,,,,,,,,,,,
03-Aug-23,3.638,3.609,3.722,3.937,4.052,,,,,,,,,,,,,,,,,,,,,,
02-Aug-23,3.61,3.61,3.733,3.944,4.081,,,,,,,,,,,,,,,,,,,,,,
01-Aug-23,3.532,3.58,3.723,3.948,4.076,,,,,,,,,,,,,,,,,,,,,,
31-Jul-23,3.455,3.578,3.715,3.929,4.064,,,,,,,,,,,,,,,,,,,,,,
28-Jul-23,3.465,3.585,3.725,3.958,4.111,,,,,,,,,,,,,,,,,,,,,,
27-Jul-23,3.422,3.565,3.714,3.972,4.14,,,,,,,,,,,,,,,,,,,,,,
26-Jul-23,3.401,3.545,3.714,3.952,4.114,,,,,,,,,,,,,,,,,,,,,,
25-Jul-23,3.392,3.521,3.705,3.966,4.114,,,,,,,,,,,,,,,,,,,,,,
24-Jul-23,3.401,3.475,3.716,3.972,4.158,,,,,,,,,,,,,,,,,,,,,,
21-Jul-23,3.394,3.502,3.721,3.972,4.162,,,,,,,,,,,,,,,,,,,,,,
20-Jul-23,3.402,3.472,3.698,3.952,4.141,,,,,,,,,,,,,,,,,,,,,,
19-Jul-23,3.395,3.455,3.646,3.937,4.121,,,,,,,,,,,,,,,,,,,,,,
18-Jul-23,3.379,3.465,3.705,3.962,4.16,,,,,,,,,,,,,,,,,,,,,,
17-Jul-23,3.381,3.457,3.685,3.962,4.15,,,,,,,,,,,,,,,,,,,,,,
14-Jul-23,3.393,3.464,3.66,3.941,4.134,,,,,,,,,,,,,,,,,,,,,,
13-Jul-23,3.391,3.446,3.663,3.945,4.174,,,,,,,,,,,,,,,,,,,,,,
12-Jul-23,3.387,3.457,3.657,3.955,4.191,,,,,,,,,,,,,,,,,,,,,,
11-Jul-23,3.386,3.456,3.672,3.94,4.184,,,,,,,,,,,,,,,,,,,,,,
10-Jul-23,3.395,3.438,3.661,3.931,4.19,,,,,,,,,,,,,,,,,,,,,,
07-Jul-23,3.393,3.425,3.64,3.945,4.193,,,,,,,,,,,,,,,,,,,,,,
06-Jul-23,3.398,3.377,3.612,3.905,4.155,,,,,,,,,,,,,,,,,,,,,,
05-Jul-23,3.388,3.393,3.589,3.895,4.165,,,,,,,,,,,,,,,,,,,,,,
04-Jul-23,3.378,3.388,3.613,3.888,4.164,,,,,,,,,,,,,,,,,,,,,,
03-Jul-23,3.388,3.385,3.597,3.913,4.145,,,,,,,,,,,,,,,,,,,,,,
30-Jun-23,3.362,3.399,3.577,3.9,4.134,,,,,,,,,,,,,,,,,,,,,,
29-Jun-23,3.415,3.415,3.587,3.892,4.103,,,,,,,,,,,,,,,,,,,,,,
28-Jun-23,3.391,3.418,3.598,3.93,4.119,,,,,,,,,,,,,,,,,,,,,,
27-Jun-23,3.394,3.411,3.554,3.915,4.094,,,,,,,,,,,,,,,,,,,,,,
26-Jun-23,3.382,3.429,3.577,3.908,4.092,,,,,,,,,,,,,,,,,,,,,,
23-Jun-23,3.396,3.448,3.61,3.933,4.147,,,,,,,,,,,,,,,,,,,,,,
22-Jun-23,3.401,3.413,3.6,3.907,4.111,,,,,,,,,,,,,,,,,,,,,,
21-Jun-23,3.363,3.439,3.568,3.886,4.088,,,,,,,,,,,,,,,,,,,,,,
20-Jun-23,3.312,3.383,3.587,3.892,4.082,,,,,,,,,,,,,,,,,,,,,,
19-Jun-23,3.209,3.372,3.551,3.861,4.046,,,,,,,,,,,,,,,,,,,,,,
16-Jun-23,3.234,3.355,3.572,3.822,4.02,,,,,,,,,,,,,,,,,,,,,,
15-Jun-23,3.202,3.35,3.547,3.818,3.965,,,,,,,,,,,,,,,,,,,,,,
14-Jun-23,3.159,3.338,3.522,3.79,3.944,,,,,,,,,,,,,,,,,,,,,,
13-Jun-23,3.131,3.328,3.526,3.794,3.942,,,,,,,,,,,,,,,,,,,,,,
12-Jun-23,3.136,3.315,3.478,3.753,3.938,,,,,,,,,,,,,,,,,,,,,,
09-Jun-23,3.128,3.29,3.469,3.762,3.928,,,,,,,,,,,,,,,,,,,,,,
08-Jun-23,3.153,3.258,3.486,3.757,3.936,,,,,,,,,,,,,,,,,,,,,,
07-Jun-23,3.136,3.271,3.459,3.733,3.923,,,,,,,,,,,,,,,,,,,,,,
06-Jun-23,3.152,3.254,3.476,3.715,3.914,,,,,,,,,,,,,,,,,,,,,,
05-Jun-23,3.134,3.222,3.493,3.739,3.884,,,,,,,,,,,,,,,,,,,,,,
02-Jun-23,3.121,3.218,3.49,3.728,3.875,,,,,,,,,,,,,,,,,,,,,,
01-Jun-23,3.154,3.21,3.462,3.721,3.875,,,,,,,,,,,,,,,,,,,,,,
31-May-23,3.122,3.211,3.463,3.746,3.939,,,,,,,,,,,,,,,,,,,,,,
30-May-23,3.14,3.214,3.474,3.77,3.965,,,,,,,,,,,,,,,,,,,,,,
29-May-23,3.146,3.213,3.483,3.781,3.982,,,,,,,,,,,,,,,,,,,,,,
26-May-23,3.125,3.199,3.462,3.76,3.955,,,,,,,,,,,,,,,,,,,,,,
25-May-23,3.152,3.198,3.457,3.769,3.943,,,,,,,,,,,,,,,,,,,,,,
24-May-23,3.115,3.138,3.415,3.744,3.932,,,,,,,,,,,,,,,,,,,,,,
23-May-23,3.152,3.142,3.422,3.732,3.904,,,,,,,,,,,,,,,,,,,,,,
22-May-23,3.132,3.135,3.412,3.714,3.893,,,,,,,,,,,,,,,,,,,,,,
19-May-23,3.129,3.134,3.415,3.707,3.878,,,,,,,,,,,,,,,,,,,,,,
18-May-23,3.137,3.151,3.383,3.687,3.858,,,,,,,,,,,,,,,,,,,,,,
17-May-23,3.112,3.152,3.388,3.671,3.834,,,,,,,,,,,,,,,,,,,,,,
16-May-23,3.147,3.158,3.382,3.658,3.807,,,,,,,,,,,,,,,,,,,,,,
15-May-23,3.145,3.15,3.358,3.663,3.805,,,,,,,,,,,,,,,,,,,,,,
12-May-23,3.127,3.162,3.348,3.638,3.799,,,,,,,,,,,,,,,,,,,,,,
11-May-23,3.126,3.159,3.323,3.629,3.795,,,,,,,,,,,,,,,,,,,,,,
10-May-23,3.096,3.146,3.301,3.625,3.808,,,,,,,,,,,,,,,,,,,,,,
09-May-23,3.078,3.161,3.27,3.608,3.804,,,,,,,,,,,,,,,,,,,,,,
08-May-23,3.012,3.138,3.312,3.605,3.79,,,,,,,,,,,,,,,,,,,,,,
05-May-23,2.95,3.099,3.28,3.575,3.77,,,,,,,,,,,,,,,,,,,,,,
04-May-23,2.902,3.112,3.281,3.651,3.843,,,,,,,,,,,,,,,,,,,,,,
03-May-23,2.91,3.088,3.275,3.644,3.843,,,,,,,,,,,,,,,,,,,,,,
02-May-23,2.91,3.093,3.274,3.622,3.822,,,,,,,,,,,,,,,,,,,,,,
28-Apr-23,2.872,3.052,3.265,3.645,3.88,,,,,,,,,,,,,,,,,,,,,,
27-Apr-23,2.888,3.037,3.25,3.618,3.852,,,,,,,,,,,,,,,,,,,,,,
26-Apr-23,2.88,3.015,3.242,3.648,3.858,,,,,,,,,,,,,,,,,,,,,,
25-Apr-23,2.905,3.024,3.268,3.635,3.9,,,,,,,,,,,,,,,,,,,,,,
24-Apr-23,2.882,3.031,3.288,3.637,3.865,,,,,,,,,,,,,,,,,,,,,,
21-Apr-23,2.886,2.956,3.261,3.601,3.854,,,,,,,,,,,,,,,,,,,,,,
20-Apr-23,2.878,2.998,3.211,3.612,3.855,,,,,,,,,,,,,,,,,,,,,,
19-Apr-23,2.87,2.987,3.205,3.587,3.825,,,,,,,,,,,,,,,,,,,,,,
18-Apr-23,2.9,2.968,3.2,3.562,3.793,,,,,,,,,,,,,,,,,,,,,,
17-Apr-23,2.882,2.966,3.219,3.578,3.764,,,,,,,,,,,,,,,,,,,,,,
14-Apr-23,2.894,2.948,3.175,3.51,3.723,,,,,,,,,,,,,,,,,,,,,,
13-Apr-23,2.862,2.934,3.177,3.49,3.718,,,,,,,,,,,,,,,,,,,,,,
12-Apr-23,2.862,2.889,3.126,3.43,3.654,,,,,,,,,,,,,,,,,,,,,,
11-Apr-23,2.902,2.889,3.108,3.356,3.582,,,,,,,,,,,,,,,,,,,,,,
06-Apr-23,2.886,2.887,3.075,3.339,3.578,,,,,,,,,,,,,,,,,,,,,,
05-Apr-23,2.875,2.888,3.055,3.339,3.628,,,,,,,,,,,,,,,,,,,,,,
04-Apr-23,2.876,2.899,3.052,3.359,3.638,,,,,,,,,,,,,,,,,,,,,,
03-Apr-23,2.895,2.928,3.053,3.335,3.651,,,,,,,,,,,,,,,,,,,,,,
31-Mar-23,2.898,2.915,3.038,3.341,3.622,,,,,,,,,,,,,,,,,,,,,,
30-Mar-23,2.866,2.921,3.052,3.312,3.568,,,,,,,,,,,,,,,,,,,,,,
29-Mar-23,2.9,2.905,3.015,3.29,3.573,,,,,,,,,,,,,,,,,,,,,,
28-Mar-23,2.787,2.904,2.99,3.269,3.542,,,,,,,,,,,,,,,,,,,,,,
27-Mar-23,2.879,2.902,3.012,3.239,3.469,,,,,,,,,,,,,,,,,,,,,,
24-Mar-23,2.878,2.928,3.025,3.281,3.533,,,,,,,,,,,,,,,,,,,,,,
23-Mar-23,2.854,2.902,2.99,3.29,3.578,,,,,,,,,,,,,,,,,,,,,,
22-Mar-23,2.827,2.902,3.002,3.214,3.468,,,,,,,,,,,,,,,,,,,,,,
21-Mar-23,2.712,2.822,2.908,3.071,3.322,,,,,,,,,,,,,,,,,,,,,,
20-Mar-23,2.565,2.778,2.892,3.095,3.395,,,,,,,,,,,,,,,,,,,,,,
17-Mar-23,2.482,2.648,2.75,3.055,3.38,,,,,,,,,,,,,,,,,,,,,,
16-Mar-23,2.424,2.558,2.646,2.985,3.359,,,,,,,,,,,,,,,,,,,,,,
15-Mar-23,2.415,2.615,2.815,3.131,3.662,,,,,,,,,,,,,,,,,,,,,,
14-Mar-23,2.317,2.601,2.753,3.035,3.509,,,,,,,,,,,,,,,,,,,,,,
13-Mar-23,2.378,2.646,2.957,3.375,3.858,,,,,,,,,,,,,,,,,,,,,,
10-Mar-23,2.378,2.63,2.978,3.445,3.953,,,,,,,,,,,,,,,,,,,,,,
09-Mar-23,2.373,2.573,2.948,3.461,3.978,,,,,,,,,,,,,,,,,,,,,,
08-Mar-23,2.382,2.565,2.944,3.451,3.944,,,,,,,,,,,,,,,,,,,,,,
07-Mar-23,2.348,2.562,2.92,3.418,3.908,,,,,,,,,,,,,,,,,,,,,,
06-Mar-23,2.381,2.511,2.875,3.363,3.859,,,,,,,,,,,,,,,,,,,,,,
03-Mar-23,2.393,2.551,2.849,3.353,3.826,,,,,,,,,,,,,,,,,,,,,,
02-Mar-23,2.365,2.502,2.801,3.366,3.821,,,,,,,,,,,,,,,,,,,,,,
01-Mar-23,2.368,2.487,2.783,3.311,3.745,,,,,,,,,,,,,,,,,,,,,,
28-Feb-23,2.339,2.478,2.744,3.29,3.725,,,,,,,,,,,,,,,,,,,,,,
27-Feb-23,2.344,2.422,2.716,3.242,3.68,,,,,,,,,,,,,,,,,,,,,,
24-Feb-23,2.379,2.429,2.698,3.233,3.662,,,,,,,,,,,,,,,,,,,,,,
23-Feb-23,2.392,2.403,2.693,3.198,3.642,,,,,,,,,,,,,,,,,,,,,,
22-Feb-23,2.386,2.396,2.683,3.197,3.625,,,,,,,,,,,,,,,,,,,,,,
21-Feb-23,2.375,2.392,2.682,3.225,3.578,,,,,,,,,,,,,,,,,,,,,,
20-Feb-23,2.393,2.383,2.654,3.192,3.579,,,,,,,,,,,,,,,,,,,,,,
17-Feb-23,2.345,2.374,2.667,3.212,3.572,,,,,,,,,,,,,,,,,,,,,,
16-Feb-23,2.387,2.406,2.703,3.192,3.567,,,,,,,,,,,,,,,,,,,,,,
15-Feb-23,2.379,2.405,2.682,3.166,3.542,,,,,,,,,,,,,,,,,,,,,,
14-Feb-23,2.342,2.374,2.66,3.135,3.518,,,,,,,,,,,,,,,,,,,,,,
13-Feb-23,2.379,2.402,2.654,3.102,3.51,,,,,,,,,,,,,,,,,,,,,,
10-Feb-23,2.359,2.375,2.621,3.08,3.465,,,,,,,,,,,,,,,,,,,,,,
09-Feb-23,2.382,2.363,2.607,3.103,3.486,,,,,,,,,,,,,,,,,,,,,,
08-Feb-23,2.342,2.381,2.608,3.054,3.451,,,,,,,,,,,,,,,,,,,,,,
07-Feb-23,2.291,2.361,2.602,3.029,3.435,,,,,,,,,,,,,,,,,,,,,,
06-Feb-23,2.148,2.325,2.565,3.008,3.401,,,,,,,,,,,,,,,,,,,,,,
03-Feb-23,2.107,2.255,2.545,3.011,3.374,,,,,,,,,,,,,,,,,,,,,,
02-Feb-23,1.97,2.262,2.54,3.029,3.446,,,,,,,,,,,,,,,,,,,,,,
01-Feb-23,1.907,2.19,2.483,3.009,3.414,,,,,,,,,,,,,,,,,,,,,,
31-Jan-23,1.895,2.177,2.512,2.988,3.413,,,,,,,,,,,,,,,,,,,,,,
30-Jan-23,1.894,2.144,2.482,2.959,3.368,,,,,,,,,,,,,,,,,,,,,,
27-Jan-23,1.884,2.13,2.492,2.942,3.356,,,,,,,,,,,,,,,,,,,,,,
26-Jan-23,1.899,2.077,2.468,2.922,3.352,,,,,,,,,,,,,,,,,,,,,,
25-Jan-23,1.894,2.064,2.458,2.928,3.363,,,,,,,,,,,,,,,,,,,,,,
24-Jan-23,1.893,2.052,2.501,2.922,3.353,,,,,,,,,,,,,,,,,,,,,,
23-Jan-23,1.893,2.014,2.449,2.917,3.345,,,,,,,,,,,,,,,,,,,,,,
20-Jan-23,1.899,1.999,2.417,2.895,3.327,,,,,,,,,,,,,,,,,,,,,,
19-Jan-23,1.905,1.99,2.393,2.857,3.3,,,,,,,,,,,,,,,,,,,,,,
18-Jan-23,1.887,1.985,2.342,2.832,3.311,,,,,,,,,,,,,,,,,,,,,,
17-Jan-23,1.895,1.98,2.335,2.878,3.339,,,,,,,,,,,,,,,,,,,,,,
16-Jan-23,1.904,1.97,2.334,2.843,3.332,,,,,,,,,,,,,,,,,,,,,,
13-Jan-23,1.895,1.908,2.328,2.876,3.315,,,,,,,,,,,,,,,,,,,,,,
12-Jan-23,1.886,1.918,2.288,2.818,3.325,,,,,,,,,,,,,,,,,,,,,,
11-Jan-23,1.879,1.922,2.298,2.858,3.37,,,,,,,,,,,,,,,,,,,,,,
10-Jan-23,1.889,1.935,2.284,2.82,3.338,,,,,,,,,,,,,,,,,,,,,,
09-Jan-23,1.882,1.898,2.27,2.809,3.328,,,,,,,,,,,,,,,,,,,,,,
06-Jan-23,1.89,1.904,2.254,2.805,3.328,,,,,,,,,,,,,,,,,,,,,,
05-Jan-23,1.878,1.894,2.178,2.772,3.303,,,,,,,,,,,,,,,,,,,,,,
04-Jan-23,1.882,1.888,2.17,2.761,3.312,,,,,,,,,,,,,,,,,,,,,,
03-Jan-23,1.838,1.854,2.172,2.739,3.321,,,,,,,,,,,,,,,,,,,,,,
02-Jan-23,1.876,1.883,2.162,2.732,3.316,,,,,,,,,,,,,,,,,,,,,,
30-Dec-22,1.872,1.884,2.132,2.693,3.291,,,,,,,,,,,,,,,,,,,,,,
29-Dec-22,1.882,1.901,2.184,2.726,3.288,,,,,,,,,,,,,,,,,,,,,,
28-Dec-22,1.841,1.898,2.202,2.752,3.325,,,,,,,,,,,,,,,,,,,,,,
27-Dec-22,1.885,1.895,2.128,2.703,3.265,,,,,,,,,,,,,,,,,,,,,,
23-Dec-22,1.885,1.91,2.141,2.701,3.238,,,,,,,,,,,,,,,,,,,,,,
22-Dec-22,1.902,1.894,2.125,2.696,3.192,,,,,,,,,,,,,,,,,,,,,,
21-Dec-22,1.804,1.913,2.102,2.645,3.176,,,,,,,,,,,,,,,,,,,,,,
20-Dec-22,1.774,1.898,2.081,2.625,3.118,,,,,,,,,,,,,,,,,,,,,,
19-Dec-22,1.6,1.797,2.063,2.585,3.057,,,,,,,,,,,,,,,,,,,,,,
16-Dec-22,1.542,1.748,2.047,2.569,2.993,,,,,,,,,,,,,,,,,,,,,,
15-Dec-22,1.468,1.691,2.062,2.493,2.867,,,,,,,,,,,,,,,,,,,,,,
14-Dec-22,1.432,1.697,2.081,2.519,2.871,,,,,,,,,,,,,,,,,,,,,,
13-Dec-22,1.403,1.686,2.046,2.479,2.873,,,,,,,,,,,,,,,,,,,,,,
12-Dec-22,1.415,1.622,2.052,2.527,2.88,,,,,,,,,,,,,,,,,,,,,,
09-Dec-22,1.416,1.605,2.005,2.466,2.861,,,,,,,,,,,,,,,,,,,,,,
08-Dec-22,1.398,1.538,1.99,2.456,2.858,,,,,,,,,,,,,,,,,,,,,,
07-Dec-22,1.416,1.552,1.977,2.442,2.864,,,,,,,,,,,,,,,,,,,,,,
06-Dec-22,1.372,1.519,1.993,2.443,2.87,,,,,,,,,,,,,,,,,,,,,,
05-Dec-22,1.398,1.523,1.975,2.436,2.841,,,,,,,,,,,,,,,,,,,,,,
02-Dec-22,1.398,1.514,1.975,2.406,2.811,,,,,,,,,,,,,,,,,,,,,,
01-Dec-22,1.398,1.526,1.972,2.405,2.842,,,,,,,,,,,,,,,,,,,,,,
30-Nov-22,1.408,1.512,1.973,2.414,2.83,,,,,,,,,,,,,,,,,,,,,,
29-Nov-22,1.397,1.497,1.984,2.442,2.892,,,,,,,,,,,,,,,,,,,,,,
28-Nov-22,1.397,1.492,1.954,2.436,2.892,,,,,,,,,,,,,,,,,,,,,,
25-Nov-22,1.388,1.476,1.922,2.374,2.86,,,,,,,,,,,,,,,,,,,,,,
24-Nov-22,1.364,1.462,1.908,2.368,2.879,,,,,,,,,,,,,,,,,,,,,,
23-Nov-22,1.38,1.448,1.898,2.36,2.854,,,,,,,,,,,,,,,,,,,,,,
22-Nov-22,1.406,1.418,1.863,2.338,2.847,,,,,,,,,,,,,,,,,,,,,,
21-Nov-22,1.399,1.4,1.817,2.327,2.835,,,,,,,,,,,,,,,,,,,,,,
18-Nov-22,1.392,1.413,1.821,2.342,2.837,,,,,,,,,,,,,,,,,,,,,,
17-Nov-22,1.386,1.425,1.802,2.294,2.834,,,,,,,,,,,,,,,,,,,,,,
16-Nov-22,1.382,1.395,1.803,2.311,2.843,,,,,,,,,,,,,,,,,,,,,,
15-Nov-22,1.388,1.414,1.795,2.3,2.852,,,,,,,,,,,,,,,,,,,,,,
14-Nov-22,1.392,1.405,1.791,2.337,2.867,,,,,,,,,,,,,,,,,,,,,,
11-Nov-22,1.372,1.362,1.762,2.291,2.811,,,,,,,,,,,,,,,,,,,,,,
10-Nov-22,1.391,1.395,1.798,2.319,2.862,,,,,,,,,,,,,,,,,,,,,,
09-Nov-22,1.393,1.415,1.802,2.333,2.874,,,,,,,,,,,,,,,,,,,,,,
08-Nov-22,1.378,1.415,1.791,2.316,2.846,,,,,,,,,,,,,,,,,,,,,,
07-Nov-22,1.385,1.405,1.742,2.296,2.82,,,,,,,,,,,,,,,,,,,,,,
04-Nov-22,1.385,1.398,1.734,2.278,2.794,,,,,,,,,,,,,,,,,,,,,,
03-Nov-22,1.382,1.401,1.732,2.225,2.735,,,,,,,,,,,,,,,,,,,,,,
02-Nov-22,1.331,1.385,1.726,2.198,2.673,,,,,,,,,,,,,,,,,,,,,,
01-Nov-22,1.159,1.376,1.737,2.168,2.686,,,,,,,,,,,,,,,,,,,,,,
31-Oct-22,1.018,1.253,1.704,2.13,2.63,,,,,,,,,,,,,,,,,,,,,,
28-Oct-22,0.951,1.208,1.641,2.034,2.567,,,,,,,,,,,,,,,,,,,,,,
27-Oct-22,0.81,1.133,1.605,2.118,2.671,,,,,,,,,,,,,,,,,,,,,,
26-Oct-22,0.713,1.109,1.578,2.103,2.69,,,,,,,,,,,,,,,,,,,,,,
25-Oct-22,0.664,1.038,1.577,2.106,2.725,,,,,,,,,,,,,,,,,,,,,,
24-Oct-22,0.674,0.979,1.558,2.132,2.738,,,,,,,,,,,,,,,,,,,,,,
21-Oct-22,0.659,0.983,1.543,2.107,2.778,,,,,,,,,,,,,,,,,,,,,,
20-Oct-22,0.664,0.943,1.502,2.083,2.733,,,,,,,,,,,,,,,,,,,,,,
19-Oct-22,0.668,0.938,1.462,2.057,2.684,,,,,,,,,,,,,,,,,,,,,,
18-Oct-22,0.659,0.919,1.456,2.038,2.698,,,,,,,,,,,,,,,,,,,,,,
17-Oct-22,0.651,0.913,1.458,2.032,2.679,,,,,,,,,,,,,,,,,,,,,,
14-Oct-22,0.646,0.892,1.403,2.027,2.677,,,,,,,,,,,,,,,,,,,,,,
13-Oct-22,0.628,0.845,1.378,2.012,2.661,,,,,,,,,,,,,,,,,,,,,,
12-Oct-22,0.645,0.854,1.363,1.998,2.659,,,,,,,,,,,,,,,,,,,,,,
11-Oct-22,0.657,0.843,1.34,2.003,2.693,,,,,,,,,,,,,,,,,,,,,,
10-Oct-22,0.657,0.809,1.319,1.962,2.639,,,,,,,,,,,,,,,,,,,,,,
07-Oct-22,0.656,0.783,1.288,1.897,2.552,,,,,,,,,,,,,,,,,,,,,,
06-Oct-22,0.647,0.733,1.248,1.838,2.47,,,,,,,,,,,,,,,,,,,,,,
05-Oct-22,0.648,0.706,1.2,1.731,2.363,,,,,,,,,,,,,,,,,,,,,,
04-Oct-22,0.648,0.664,1.173,1.762,2.41,,,,,,,,,,,,,,,,,,,,,,
03-Oct-22,0.659,0.674,1.185,1.775,2.5,,,,,,,,,,,,,,,,,,,,,,
30-Sep-22,0.648,0.679,1.173,1.809,2.556,,,,,,,,,,,,,,,,,,,,,,
29-Sep-22,0.651,0.666,1.16,1.8,2.578,,,,,,,,,,,,,,,,,,,,,,
28-Sep-22,0.665,0.685,1.193,1.858,2.621,,,,,,,,,,,,,,,,,,,,,,
27-Sep-22,0.657,0.722,1.228,1.851,2.625,,,,,,,,,,,,,,,,,,,,,,
26-Sep-22,0.666,0.7,1.168,1.803,2.563,,,,,,,,,,,,,,,,,,,,,,
23-Sep-22,0.654,0.698,1.153,1.803,2.5,,,,,,,,,,,,,,,,,,,,,,
22-Sep-22,0.649,0.68,1.12,1.763,2.442,,,,,,,,,,,,,,,,,,,,,,
21-Sep-22,0.671,0.708,1.118,1.766,2.416,,,,,,,,,,,,,,,,,,,,,,
20-Sep-22,0.658,0.7,1.1,1.74,2.338,,,,,,,,,,,,,,,,,,,,,,
19-Sep-22,0.655,0.692,1.066,1.737,2.295,,,,,,,,,,,,,,,,,,,,,,
16-Sep-22,0.646,0.678,1.063,1.672,2.263,,,,,,,,,,,,,,,,,,,,,,
15-Sep-22,0.65,0.68,1.03,1.608,2.223,,,,,,,,,,,,,,,,,,,,,,
14-Sep-22,0.608,0.669,1.013,1.548,2.156,,,,,,,,,,,,,,,,,,,,,,
13-Sep-22,0.542,0.619,1,1.538,2.102,,,,,,,,,,,,,,,,,,,,,,
12-Sep-22,0.374,0.586,0.988,1.494,2.075,,,,,,,,,,,,,,,,,,,,,,
09-Sep-22,0.173,0.48,0.934,1.442,2.015,,,,,,,,,,,,,,,,,,,,,,
08-Sep-22,0.043,0.381,0.836,1.354,1.903,,,,,,,,,,,,,,,,,,,,,,
07-Sep-22,0.005,0.394,0.822,1.363,1.913,,,,,,,,,,,,,,,,,,,,,,
06-Sep-22,-0.06,0.368,0.816,1.337,1.921,,,,,,,,,,,,,,,,,,,,,,
05-Sep-22,-0.073,0.298,0.783,1.298,1.874,,,,,,,,,,,,,,,,,,,,,,
02-Sep-22,-0.071,0.314,0.763,1.29,1.896,,,,,,,,,,,,,,,,,,,,,,
01-Sep-22,-0.073,0.228,0.712,1.24,1.851,,,,,,,,,,,,,,,,,,,,,,
31-Aug-22,-0.069,0.23,0.654,1.203,1.778,,,,,,,,,,,,,,,,,,,,,,
30-Aug-22,-0.069,0.196,0.62,1.193,1.758,,,,,,,,,,,,,,,,,,,,,,
29-Aug-22,-0.07,0.12,0.582,1.077,1.612,,,,,,,,,,,,,,,,,,,,,,
26-Aug-22,-0.067,0.094,0.542,0.983,1.482,,,,,,,,,,,,,,,,,,,,,,
25-Aug-22,-0.079,0.085,0.518,0.984,1.483,,,,,,,,,,,,,,,,,,,,,,
24-Aug-22,-0.072,0.079,0.493,0.947,1.427,,,,,,,,,,,,,,,,,,,,,,
23-Aug-22,-0.073,0.059,0.468,0.926,1.398,,,,,,,,,,,,,,,,,,,,,,
22-Aug-22,-0.069,0.046,0.453,0.908,1.344,,,,,,,,,,,,,,,,,,,,,,
19-Aug-22,-0.068,0.026,0.43,0.862,1.258,,,,,,,,,,,,,,,,,,,,,,
18-Aug-22,-0.073,0.003,0.391,0.826,1.229,,,,,,,,,,,,,,,,,,,,,,
17-Aug-22,-0.069,-0.014,0.351,0.753,1.146,,,,,,,,,,,,,,,,,,,,,,
16-Aug-22,-0.071,-0.028,0.333,0.735,1.118,,,,,,,,,,,,,,,,,,,,,,
15-Aug-22,-0.068,-0.016,0.339,0.745,1.158,,,,,,,,,,,,,,,,,,,,,,
12-Aug-22,-0.068,-0.035,0.333,0.766,1.163,,,,,,,,,,,,,,,,,,,,,,
11-Aug-22,-0.078,-0.027,0.321,0.764,1.141,,,,,,,,,,,,,,,,,,,,,,
10-Aug-22,-0.068,-0.025,0.325,0.774,1.152,,,,,,,,,,,,,,,,,,,,,,
09-Aug-22,-0.07,-0.015,0.321,0.737,1.113,,,,,,,,,,,,,,,,,,,,,,
08-Aug-22,-0.078,-0.032,0.301,0.729,1.11,,,,,,,,,,,,,,,,,,,,,,
05-Aug-22,-0.07,-0.041,0.277,0.678,1.023,,,,,,,,,,,,,,,,,,,,,,
04-Aug-22,-0.07,-0.039,0.269,0.689,1.014,,,,,,,,,,,,,,,,,,,,,,
03-Aug-22,-0.073,-0.04,0.252,0.667,0.963,,,,,,,,,,,,,,,,,,,,,,
02-Aug-22,-0.07,-0.048,0.26,0.652,0.926,,,,,,,,,,,,,,,,,,,,,,
01-Aug-22,-0.071,-0.062,0.246,0.654,0.942,,,,,,,,,,,,,,,,,,,,,,
29-Jul-22,-0.074,-0.071,0.232,0.653,0.921,,,,,,,,,,,,,,,,,,,,,,
28-Jul-22,-0.081,-0.035,0.267,0.66,1.044,,,,,,,,,,,,,,,,,,,,,,
27-Jul-22,-0.118,-0.062,0.238,0.631,1.013,,,,,,,,,,,,,,,,,,,,,,
26-Jul-22,-0.176,-0.089,0.212,0.623,1.033,,,,,,,,,,,,,,,,,,,,,,
25-Jul-22,-0.279,-0.131,0.233,0.633,1.04,,,,,,,,,,,,,,,,,,,,,,
22-Jul-22,-0.421,-0.17,0.2,0.706,1.2,,,,,,,,,,,,,,,,,,,,,,
21-Jul-22,-0.513,-0.252,0.145,0.632,1.142,,,,,,,,,,,,,,,,,,,,,,
20-Jul-22,-0.543,-0.259,0.125,0.635,1.164,,,,,,,,,,,,,,,,,,,,,,
19-Jul-22,-0.562,-0.325,0.042,0.534,1.052,,,,,,,,,,,,,,,,,,,,,,
18-Jul-22,-0.565,-0.32,0.047,0.503,1.015,,,,,,,,,,,,,,,,,,,,,,
15-Jul-22,-0.565,-0.317,0.072,0.532,1.057,,,,,,,,,,,,,,,,,,,,,,
14-Jul-22,-0.569,-0.378,0.002,0.448,0.952,,,,,,,,,,,,,,,,,,,,,,
13-Jul-22,-0.57,-0.421,-0.052,0.363,0.865,,,,,,,,,,,,,,,,,,,,,,
12-Jul-22,-0.571,-0.4,-0.058,0.379,0.926,,,,,,,,,,,,,,,,,,,,,,
11-Jul-22,-0.572,-0.398,-0.07,0.365,0.969,,,,,,,,,,,,,,,,,,,,,,
08-Jul-22,-0.563,-0.427,-0.087,0.322,0.972,,,,,,,,,,,,,,,,,,,,,,
07-Jul-22,-0.573,-0.464,-0.141,0.238,0.821,,,,,,,,,,,,,,,,,,,,,,
06-Jul-22,-0.573,-0.465,-0.152,0.226,0.839,,,,,,,,,,,,,,,,,,,,,,
05-Jul-22,-0.567,-0.46,-0.145,0.234,0.939,,,,,,,,,,,,,,,,,,,,,,
04-Jul-22,-0.568,-0.485,-0.165,0.241,0.897,,,,,,,,,,,,,,,,,,,,,,
01-Jul-22,-0.565,-0.506,-0.176,0.238,0.961,,,,,,,,,,,,,,,,,,,,,,
30-Jun-22,-0.568,-0.508,-0.195,0.263,1.037,,,,,,,,,,,,,,,,,,,,,,
29-Jun-22,-0.563,-0.535,-0.191,0.278,1.068,,,,,,,,,,,,,,,,,,,,,,
28-Jun-22,-0.57,-0.536,-0.211,0.225,1.022,,,,,,,,,,,,,,,,,,,,,,
27-Jun-22,-0.569,-0.551,-0.218,0.223,0.948,,,,,,,,,,,,,,,,,,,,,,
24-Jun-22,-0.572,-0.553,-0.218,0.223,0.975,,,,,,,,,,,,,,,,,,,,,,
23-Jun-22,-0.568,-0.528,-0.186,0.273,1.089,,,,,,,,,,,,,,,,,,,,,,
22-Jun-22,-0.569,-0.512,-0.172,0.291,1.108,,,,,,,,,,,,,,,,,,,,,,
21-Jun-22,-0.563,-0.512,-0.163,0.289,1.115,,,,,,,,,,,,,,,,,,,,,,
20-Jun-22,-0.568,-0.5,-0.178,0.273,1.091,,,,,,,,,,,,,,,,,,,,,,
17-Jun-22,-0.568,-0.487,-0.169,0.291,1.124,,,,,,,,,,,,,,,,,,,,,,
16-Jun-22,-0.571,-0.498,-0.172,0.249,1.058,,,,,,,,,,,,,,,,,,,,,,
15-Jun-22,-0.566,-0.494,-0.182,0.237,1.067,,,,,,,,,,,,,,,,,,,,,,
14-Jun-22,-0.571,-0.512,-0.243,0.175,0.957,,,,,,,,,,,,,,,,,,,,,,
13-Jun-22,-0.568,-0.536,-0.281,0.108,0.792,,,,,,,,,,,,,,,,,,,,,,
10-Jun-22,-0.568,-0.539,-0.298,0.083,0.68,,,,,,,,,,,,,,,,,,,,,,
09-Jun-22,-0.578,-0.533,-0.282,0.063,0.614,,,,,,,,,,,,,,,,,,,,,,
08-Jun-22,-0.575,-0.537,-0.302,0.034,0.569,,,,,,,,,,,,,,,,,,,,,,
07-Jun-22,-0.578,-0.525,-0.298,0.029,0.561,,,,,,,,,,,,,,,,,,,,,,
06-Jun-22,-0.573,-0.531,-0.314,0.009,0.521,,,,,,,,,,,,,,,,,,,,,,
03-Jun-22,-0.566,-0.538,-0.328,-0.008,0.486,,,,,,,,,,,,,,,,,,,,,,
02-Jun-22,-0.574,-0.538,-0.327,-0.017,0.45,,,,,,,,,,,,,,,,,,,,,,
01-Jun-22,-0.577,-0.541,-0.335,-0.034,0.417,,,,,,,,,,,,,,,,,,,,,,
31-May-22,-0.568,-0.546,-0.338,-0.045,0.39,,,,,,,,,,,,,,,,,,,,,,
30-May-22,-0.569,-0.545,-0.354,-0.068,0.361,,,,,,,,,,,,,,,,,,,,,,
27-May-22,-0.572,-0.545,-0.368,-0.076,0.358,,,,,,,,,,,,,,,,,,,,,,
26-May-22,-0.563,-0.544,-0.352,-0.061,0.36,,,,,,,,,,,,,,,,,,,,,,
25-May-22,-0.575,-0.547,-0.351,-0.062,0.359,,,,,,,,,,,,,,,,,,,,,,
24-May-22,-0.573,-0.543,-0.356,-0.073,0.364,,,,,,,,,,,,,,,,,,,,,,
23-May-22,-0.568,-0.543,-0.363,-0.085,0.348,,,,,,,,,,,,,,,,,,,,,,
20-May-22,-0.566,-0.535,-0.348,-0.078,0.353,,,,,,,,,,,,,,,,,,,,,,
19-May-22,-0.563,-0.542,-0.348,-0.096,0.344,,,,,,,,,,,,,,,,,,,,,,
18-May-22,-0.577,-0.552,-0.368,-0.126,0.313,,,,,,,,,,,,,,,,,,,,,,
17-May-22,-0.564,-0.544,-0.38,-0.166,0.24,,,,,,,,,,,,,,,,,,,,,,
16-May-22,-0.565,-0.558,-0.403,-0.192,0.206,,,,,,,,,,,,,,,,,,,,,,
13-May-22,-0.564,-0.546,-0.403,-0.209,0.182,,,,,,,,,,,,,,,,,,,,,,
12-May-22,-0.568,-0.544,-0.406,-0.211,0.23,,,,,,,,,,,,,,,,,,,,,,
11-May-22,-0.571,-0.566,-0.414,-0.208,0.227,,,,,,,,,,,,,,,,,,,,,,
10-May-22,-0.564,-0.553,-0.417,-0.202,0.236,,,,,,,,,,,,,,,,,,,,,,
09-May-22,-0.568,-0.533,-0.402,-0.183,0.263,,,,,,,,,,,,,,,,,,,,,,
06-May-22,-0.563,-0.553,-0.426,-0.206,0.246,,,,,,,,,,,,,,,,,,,,,,
05-May-22,-0.563,-0.553,-0.421,-0.206,0.253,,,,,,,,,,,,,,,,,,,,,,
04-May-22,-0.569,-0.544,-0.427,-0.205,0.234,,,,,,,,,,,,,,,,,,,,,,
03-May-22,-0.566,-0.543,-0.425,-0.198,0.225,,,,,,,,,,,,,,,,,,,,,,
02-May-22,-0.568,-0.527,-0.416,-0.204,0.213,,,,,,,,,,,,,,,,,,,,,,
29-Apr-22,-0.566,-0.538,-0.429,-0.226,0.166,,,,,,,,,,,,,,,,,,,,,,
28-Apr-22,-0.571,-0.522,-0.438,-0.242,0.118,,,,,,,,,,,,,,,,,,,,,,
27-Apr-22,-0.569,-0.52,-0.445,-0.251,0.109,,,,,,,,,,,,,,,,,,,,,,
26-Apr-22,-0.576,-0.513,-0.43,-0.246,0.111,,,,,,,,,,,,,,,,,,,,,,
25-Apr-22,-0.57,-0.5,-0.415,-0.239,0.134,,,,,,,,,,,,,,,,,,,,,,
22-Apr-22,-0.57,-0.52,-0.427,-0.268,0.084,,,,,,,,,,,,,,,,,,,,,,
21-Apr-22,-0.57,-0.541,-0.463,-0.31,0.017,,,,,,,,,,,,,,,,,,,,,,
20-Apr-22,-0.572,-0.569,-0.475,-0.332,-0.014,,,,,,,,,,,,,,,,,,,,,,
19-Apr-22,-0.572,-0.56,-0.468,-0.333,-0.01,,,,,,,,,,,,,,,,,,,,,,
14-Apr-22,-0.56,-0.547,-0.452,-0.317,0.003,,,,,,,,,,,,,,,,,,,,,,
13-Apr-22,-0.56,-0.543,-0.448,-0.328,-0.014,,,,,,,,,,,,,,,,,,,,,,
12-Apr-22,-0.569,-0.538,-0.433,-0.32,0.005,,,,,,,,,,,,,,,,,,,,,,
11-Apr-22,-0.573,-0.529,-0.435,-0.334,-0.03,,,,,,,,,,,,,,,,,,,,,,
08-Apr-22,-0.565,-0.541,-0.449,-0.35,-0.048,,,,,,,,,,,,,,,,,,,,,,
07-Apr-22,-0.574,-0.548,-0.465,-0.355,-0.058,,,,,,,,,,,,,,,,,,,,,,
06-Apr-22,-0.567,-0.54,-0.463,-0.361,-0.063,,,,,,,,,,,,,,,,,,,,,,
05-Apr-22,-0.578,-0.548,-0.467,-0.375,-0.093,,,,,,,,,,,,,,,,,,,,,,
04-Apr-22,-0.567,-0.551,-0.447,-0.358,-0.083,,,,,,,,,,,,,,,,,,,,,,
01-Apr-22,-0.564,-0.541,-0.461,-0.362,-0.086,,,,,,,,,,,,,,,,,,,,,,
31-Mar-22,-0.579,-0.532,-0.458,-0.367,-0.073,,,,,,,,,,,,,,,,,,,,,,
30-Mar-22,-0.57,-0.527,-0.464,-0.371,-0.103,,,,,,,,,,,,,,,,,,,,,,
29-Mar-22,-0.576,-0.533,-0.473,-0.381,-0.105,,,,,,,,,,,,,,,,,,,,,,
28-Mar-22,-0.562,-0.536,-0.477,-0.388,-0.127,,,,,,,,,,,,,,,,,,,,,,
25-Mar-22,-0.561,-0.546,-0.477,-0.392,-0.142,,,,,,,,,,,,,,,,,,,,,,
24-Mar-22,-0.573,-0.541,-0.483,-0.397,-0.16,,,,,,,,,,,,,,,,,,,,,,
23-Mar-22,-0.567,-0.549,-0.493,-0.392,-0.165,,,,,,,,,,,,,,,,,,,,,,
22-Mar-22,-0.568,-0.562,-0.499,-0.393,-0.186,,,,,,,,,,,,,,,,,,,,,,
21-Mar-22,-0.566,-0.55,-0.494,-0.391,-0.203,,,,,,,,,,,,,,,,,,,,,,
18-Mar-22,-0.566,-0.557,-0.487,-0.393,-0.207,,,,,,,,,,,,,,,,,,,,,,
17-Mar-22,-0.565,-0.548,-0.493,-0.402,-0.216,,,,,,,,,,,,,,,,,,,,,,
16-Mar-22,-0.569,-0.554,-0.488,-0.393,-0.232,,,,,,,,,,,,,,,,,,,,,,
15-Mar-22,-0.571,-0.553,-0.502,-0.407,-0.237,,,,,,,,,,,,,,,,,,,,,,
14-Mar-22,-0.575,-0.556,-0.5,-0.413,-0.258,,,,,,,,,,,,,,,,,,,,,,
11-Mar-22,-0.565,-0.548,-0.502,-0.414,-0.268,,,,,,,,,,,,,,,,,,,,,,
10-Mar-22,-0.571,-0.549,,-0.427,-0.293,,,,,,,,,,,,,,,,,,,,,,
09-Mar-22,-0.565,-0.53,-0.491,-0.424,-0.308,,,,,,,,,,,,,,,,,,,,,,
08-Mar-22,-0.583,-0.528,,-0.443,-0.328,,,,,,,,,,,,,,,,,,,,,,
07-Mar-22,-0.568,-0.517,-0.498,-0.453,-0.352,,,,,,,,,,,,,,,,,,,,,,
04-Mar-22,-0.567,-0.546,-0.52,-0.482,-0.359,,,,,,,,,,,,,,,,,,,,,,
03-Mar-22,-0.574,-0.549,-0.526,-0.485,-0.377,,,,,,,,,,,,,,,,,,,,,,
02-Mar-22,-0.56,-0.558,-0.532,-0.502,-0.398,,,,,,,,,,,,,,,,,,,,,,
01-Mar-22,-0.565,-0.553,,-0.496,-0.363,,,,,,,,,,,,,,,,,,,,,,
28-Feb-22,-0.567,-0.551,-0.533,-0.493,-0.349,,,,,,,,,,,,,,,,,,,,,,
25-Feb-22,-0.558,-0.543,-0.528,-0.488,-0.348,,,,,,,,,,,,,,,,,,,,,,
24-Feb-22,-0.576,-0.548,-0.53,-0.48,-0.323,,,,,,,,,,,,,,,,,,,,,,
23-Feb-22,-0.568,-0.544,-0.529,-0.483,-0.332,,,,,,,,,,,,,,,,,,,,,,
22-Feb-22,-0.569,-0.555,-0.528,-0.49,-0.337,,,,,,,,,,,,,,,,,,,,,,
21-Feb-22,-0.576,-0.556,-0.527,-0.482,-0.332,,,,,,,,,,,,,,,,,,,,,,
18-Feb-22,-0.568,-0.557,-0.528,-0.487,-0.329,,,,,,,,,,,,,,,,,,,,,,
17-Feb-22,-0.578,-0.562,-0.529,-0.478,-0.313,,,,,,,,,,,,,,,,,,,,,,
16-Feb-22,-0.571,-0.558,-0.524,-0.461,-0.286,,,,,,,,,,,,,,,,,,,,,,
15-Feb-22,-0.578,-0.555,-0.523,-0.455,-0.285,,,,,,,,,,,,,,,,,,,,,,
14-Feb-22,-0.583,-0.551,,-0.448,-0.283,,,,,,,,,,,,,,,,,,,,,,
11-Feb-22,-0.577,-0.557,-0.523,-0.458,-0.298,,,,,,,,,,,,,,,,,,,,,,
10-Feb-22,-0.571,-0.552,-0.528,-0.467,-0.325,,,,,,,,,,,,,,,,,,,,,,
09-Feb-22,-0.578,-0.547,-0.523,-0.457,-0.313,,,,,,,,,,,,,,,,,,,,,,
08-Feb-22,-0.57,-0.545,-0.538,-0.463,-0.313,,,,,,,,,,,,,,,,,,,,,,
07-Feb-22,-0.573,-0.548,-0.53,-0.456,-0.31,,,,,,,,,,,,,,,,,,,,,,
04-Feb-22,-0.569,-0.551,-0.548,-0.473,-0.346,,,,,,,,,,,,,,,,,,,,,,
03-Feb-22,-0.568,-0.56,-0.551,-0.499,-0.423,,,,,,,,,,,,,,,,,,,,,,
02-Feb-22,-0.564,-0.561,-0.547,-0.502,-0.429,,,,,,,,,,,,,,,,,,,,,,
01-Feb-22,-0.567,-0.56,-0.547,-0.503,-0.431,,,,,,,,,,,,,,,,,,,,,,
31-Jan-22,-0.567,-0.567,-0.552,-0.514,-0.453,,,,,,,,,,,,,,,,,,,,,,
28-Jan-22,-0.573,-0.563,-0.55,-0.519,-0.459,,,,,,,,,,,,,,,,,,,,,,
27-Jan-22,-0.573,-0.565,-0.547,-0.518,-0.466,,,,,,,,,,,,,,,,,,,,,,
26-Jan-22,-0.572,-0.565,-0.554,-0.524,-0.468,,,,,,,,,,,,,,,,,,,,,,
25-Jan-22,-0.572,-0.562,-0.548,-0.523,-0.467,,,,,,,,,,,,,,,,,,,,,,
24-Jan-22,-0.573,-0.563,-0.543,-0.522,-0.463,,,,,,,,,,,,,,,,,,,,,,
21-Jan-22,-0.573,-0.559,-0.552,-0.522,-0.462,,,,,,,,,,,,,,,,,,,,,,
20-Jan-22,-0.577,-0.561,-0.553,-0.521,-0.46,,,,,,,,,,,,,,,,,,,,,,
19-Jan-22,-0.573,-0.563,-0.557,-0.524,-0.468,,,,,,,,,,,,,,,,,,,,,,
18-Jan-22,-0.578,-0.563,-0.558,-0.524,-0.468,,,,,,,,,,,,,,,,,,,,,,
17-Jan-22,-0.582,-0.562,-0.56,-0.523,-0.47,,,,,,,,,,,,,,,,,,,,,,
14-Jan-22,-0.574,-0.565,-0.568,-0.533,-0.483,,,,,,,,,,,,,,,,,,,,,,
13-Jan-22,-0.577,-0.568,-0.563,-0.534,-0.483,,,,,,,,,,,,,,,,,,,,,,
12-Jan-22,-0.58,-0.563,-0.563,-0.529,-0.475,,,,,,,,,,,,,,,,,,,,,,
11-Jan-22,-0.581,-0.564,-0.564,-0.528,-0.49,,,,,,,,,,,,,,,,,,,,,,
10-Jan-22,-0.579,-0.563,-0.57,-0.531,-0.489,,,,,,,,,,,,,,,,,,,,,,
07-Jan-22,-0.574,-0.565,-0.576,-0.536,-0.493,,,,,,,,,,,,,,,,,,,,,,
06-Jan-22,-0.579,-0.57,-0.574,-0.534,-0.496,,,,,,,,,,,,,,,,,,,,,,
05-Jan-22,-0.581,-0.566,-0.576,-0.541,-0.5,,,,,,,,,,,,,,,,,,,,,,
04-Jan-22,-0.575,-0.569,-0.565,-0.535,-0.498,,,,,,,,,,,,,,,,,,,,,,
03-Jan-22,-0.587,-0.576,-0.57,-0.539,-0.499,,,,,,,,,,,,,,,,,,,,,,